{
    "exact_match": 0.0,
    "f1": 10.944219088814721,
    "total_generation_time_sec": 237.12936027099994,
    "avg_generation_time_sec": 2.3247976497156855
}