{
    "exact_match": 0.0,
    "f1": 10.944219088814721,
    "total_generation_time_sec": 86.92521393599986,
    "avg_generation_time_sec": 0.8522079797647045
}